{
    "theme_name": "Default",
    "app_color": {
        "dark_one": "#000000",
        "dark_two": "#223e69",
        "dark_three": "#212529",
        "dark_four": "#373a47",
        "bg_one": "#ffffff",
        "bg_two": "#efefef",
        "bg_three": "#e6f6f5",
        "icon_color": "#39858c",
        "icon_hover": "#0065a1",
        "icon_pressed": "#223e69",
        "icon_active": "#000000",
        "context_color": "#0065a1",
        "context_hover": "#223e69",
        "context_pressed": "#39858c",
        "text_title": "#000000",
        "text_foreground": "#373a47",
        "text_description": "#b8b7ad",
        "text_active": "#000000",
        "white": "#ffffff",
        "pink": "#ff007f",
        "green": "#00ff7f",
        "red": "#ff5555",
        "yellow": "#f1fa8c"
    }
}
